zip_code,place_name,population,median_income,median_unit_price,num_traderjoes,num_stadiums,num_coffee,longitude,latitude
90001,"Los Angeles (South Los Angeles), Florence-Graham",57652,57698.0,422.9323308270677,0.0,1.0,2.0,-118.2479,33.9731
90002,"Los Angeles (Southeast Los Angeles, Watts)",53108,54221.0,460.1689834182832,0.0,0.0,1.0,-118.2462,33.9497
90003,"Los Angeles (South Los Angeles, Southeast Los Angeles)",75024,51275.0,372.5713399503722,0.0,0.0,1.0,-118.2727,33.9653
90004,"Los Angeles (Hancock Park, Rampart Village, Virgil Village, Wilshire Center, Windsor Square)",58833,58420.0,657.3079302044306,0.0,0.0,4.0,-118.3029,34.0762
90005,"Los Angeles (Hancock Park, Koreatown, Wilshire Center, Wilshire Park, Windsor Square)",37754,49226.0,626.3982102908277,0.0,1.0,5.0,-118.3012,34.0585
90006,"Los Angeles (Byzantine-Latino Quarter, Harvard Heights, Koreatown, Pico Heights)",56628,47599.0,546.1592670894996,0.0,0.0,5.0,-118.2917,34.0493
90007,"Los Angeles (Southeast Los Angeles, Univerity Park)",41004,36326.0,424.278370897588,0.0,5.0,5.0,-118.2871,34.0294
90008,"Los Angeles (Baldwin Hills, Crenshaw, Leimert Park)",33076,57880.0,603.8227628149435,0.0,1.0,5.0,-118.3411,34.0116
90010,"Los Angeles (Hancock Park, Wilshire Center, Windsor Square)",4185,92454.0,708.1545064377682,0.0,0.0,4.0,-118.3027,34.0606
90011,Los Angeles (Southeast Los Angeles),106042,51819.0,361.8012422360249,0.0,0.0,1.0,-118.2582,34.0079
90012,"Los Angeles (Downtown Civic Center, Chinatown, Arts District, Bunker Hill, Historic Core, Little Tokyo)",38430,58444.0,614.2034548944338,0.0,27.0,15.0,-118.2385,34.0614
90013,"Los Angeles (Downtown Central, Downtown Fashion District)",14587,24853.0,636.3636363636364,0.0,3.0,13.0,-118.2434,34.0448
90014,"Los Angeles (Downtown Historic Core, Arts District)",9273,26550.0,712.8021790943139,0.0,5.0,16.0,-118.2509,34.0443
90015,"Los Angeles (Dowtown Fashion District, South Park-South)",25554,61959.0,669.1068421858258,0.0,17.0,17.0,-118.2716,34.0434
90016,Los Angeles (West Adams),47309,63090.0,669.1682600382409,0.0,0.0,7.0,-118.3528,34.0298
90017,"Los Angeles (Downtown Bunker Hill, City West, South Park-North)",28754,46626.0,698.5074626865671,0.0,3.0,8.0,-118.2666,34.0559
90018,"Los Angeles (Jefferson Park, Leimert Park)",49898,58987.0,527.9034690799397,0.0,0.0,2.0,-118.3152,34.029
90019,"Los Angeles (Arlington Heights, Country Club Park, Mid-City)",59410,65972.0,607.3598919648886,0.0,0.0,7.0,-118.3343,34.0482
90020,"Los Angeles (Hancock Park, Western Wilton, Wilshire Center, Windsor Square)",38400,55321.0,622.8774651848048,0.0,0.0,9.0,-118.3022,34.0665
90021,"Los Angeles (Downtown Fashion District, Downtown Southeast)",2781,29659.0,872.3021582733813,0.0,0.0,8.0,-118.2447,34.0333
90022,East Los Angeles,64147,65142.0,472.7551640450089,0.0,2.0,7.0,-118.1561,34.0245
90023,"Commerce, East Los Angeles",44558,52918.0,467.0597255851493,0.0,0.0,2.0,-118.1975,34.0245
90024,Los Angeles (Westwood),50392,74852.0,848.8557743480575,1.0,6.0,14.0,-118.4408,34.0637
90025,"Los Angeles (Sawtelle, West Los Angeles)",44429,103511.0,685.3396901072706,0.0,4.0,10.0,-118.4487,34.0447
90026,"Los Angeles (Echo Park, Silver Lake)",64769,80549.0,699.1196271361989,0.0,5.0,15.0,-118.2646,34.0766
90027,"Los Angeles (Griffith Park, Hollywood, Los Feliz)",45764,86826.0,839.5891690009337,1.0,7.0,8.0,-118.2925,34.104
90028,Los Angeles (Hollywood),30982,57258.0,651.5151515151515,1.0,13.0,12.0,-118.3254,34.1005
90029,Los Angeles (East Hollywood),34649,56529.0,620.286962906817,0.0,2.0,6.0,-118.2944,34.09
90031,"Los Angeles (Lincoln Heights, Montecito Heights)",37457,59889.0,536.1842382554013,0.0,3.0,4.0,-118.2113,34.0783
90032,"Los Angeles (El Sereno, Monterey Hills, University Hills)",44881,76608.0,580.3571428571429,0.0,0.0,5.0,-118.1753,34.0818
90033,Los Angeles (Boyle Heights),47655,50616.0,395.14051522248246,0.0,0.0,9.0,-118.2084,34.0487
90034,Los Angeles (Palms),55061,97511.0,843.9086294416244,1.0,0.0,5.0,-118.4005,34.029
90035,Los Angeles (West Fairfax),26595,110520.0,690.985218371447,0.0,2.0,3.0,-118.3806,34.0531
90036,"Los Angeles (Fairfax, Melrose, Miracle Mile, Park La Brea, Wilshire-La Brea)",37713,97583.0,775.2878063593525,2.0,6.0,9.0,-118.3492,34.0699
90037,Los Angeles (South Los Angeles),69064,52238.0,392.62452841244584,0.0,9.0,1.0,-118.2863,34.003
90038,Los Angeles (Hollywood),27979,57102.0,725.7668948225099,0.0,4.0,7.0,-118.3215,34.0898
90039,"Los Angeles (Atwater Village, Elysian Valley, Silver Lake)",28244,108338.0,819.9406460921897,0.0,5.0,9.0,-118.2594,34.1121
90040,"Commerce, City of",11839,62083.0,534.7345132743363,0.0,0.0,3.0,-118.1532,33.9909
90041,Los Angeles (Eagle Rock),28321,111938.0,773.2620138064191,1.0,0.0,9.0,-118.2082,34.1339
90042,Los Angeles (Highland Park),59151,89168.0,715.7600940784915,0.0,2.0,13.0,-118.1929,34.1145
90043,"Los Angeles (Hyde Park, View Park, Windsor Hills)",44461,63990.0,601.2010653801699,0.0,0.0,1.0,-118.3321,33.9871
90044,"Athens, Los Angeles (South Los Angeles)",98990,48386.0,443.5425588833385,0.0,1.0,2.0,-118.2901,33.9551
90045,"Los Angeles (Los Angeles International Airport, Westchester)",41123,125692.0,829.7695342167897,1.0,2.0,7.0,-118.3941,33.9631
90046,"Los Angeles (Hollywood), West Hollywood",48170,87339.0,839.5098615464995,2.0,5.0,12.0,-118.3652,34.1074
90047,Los Angeles (South Los Angeles),52200,67018.0,516.4454277286136,0.0,2.0,2.0,-118.3073,33.9569
90048,"Los Angeles (Mid-City West), West Hollywood",20411,102244.0,935.9375,1.0,1.0,9.0,-118.372,34.0737
90049,"Los Angeles (Bel Air Estates, Brentwood)",35819,161605.0,913.5880433638564,0.0,3.0,10.0,-118.474,34.066
90056,Ladera Heights,8225,123457.0,588.6236336746107,0.0,1.0,2.0,-118.3707,33.9853
90057,Los Angeles (Westlake),47142,46513.0,508.07754442649434,0.0,0.0,1.0,-118.2763,34.0622
90058,"Los Angeles (Southeast Los Angeles), Vernon",3049,34093.0,508.1818181818182,0.0,1.0,2.0,-118.2133,33.9994
90059,"Los Angeles (Southeast Los Angeles, Watts), Willowbrook",39471,50939.0,482.83383262158196,0.0,0.0,2.0,-118.2463,33.9293
90061,Los Angeles (South Los Angeles),28646,56837.0,441.4650098103335,0.0,0.0,2.0,-118.2716,33.9245
90062,Los Angeles (South Los Angeles),33528,61422.0,466.02796478508543,0.0,0.0,1.0,-118.3073,34.0032
90063,"City Terrace, Los Angeles (Boyle Heights)",52008,69307.0,436.153175927744,0.0,0.0,4.0,-118.1859,34.0451
90064,"Los Angeles (Cheviot Hills, Rancho Park)",25956,123929.0,934.4894026974952,2.0,1.0,5.0,-118.4259,34.0353
90065,"Los Angeles (Cypress Park, Glassell Park, Mt Washington)",44897,88329.0,683.6364330286433,0.0,1.0,7.0,-118.2266,34.1073
90066,"Culver City, Los Angeles (Mar Vista)",54142,100344.0,969.3877551020408,0.0,2.0,15.0,-118.4298,34.003
90067,Los Angeles (Century City),2653,125995.0,815.3573040112095,0.0,1.0,11.0,-118.4095,34.0551
90068,Los Angeles (Hollywood),21064,97151.0,812.4661246612466,0.0,2.0,5.0,-118.3305,34.1156
90069,"Los Angeles (Hollywood, Melrose), West Hollywood",20045,106133.0,970.5378197482858,1.0,4.0,9.0,-118.3788,34.0906
90071,"Los Angeles (Downtown Bunker Hill, City West, Historic Core, South Park-North)",313,0.0,0.0,0.0,2.0,9.0,-118.2549,34.0529
90073,Veterans Administration,1014,0.0,0.0,0.0,0.0,0.0,-118.2987,33.7866
90077,"Los Angeles (Bel Air Estates, Beverly Glen)",7868,203194.0,1090.7782419020232,0.0,0.0,5.0,-118.4502,34.1112
90089,Los Angeles (University of Southern California),4164,0.0,0.0,1.0,2.0,0.0,-118.2987,33.7866
90094,Los Angeles (Playa Vista),11891,156536.0,797.5613275613275,0.0,2.0,5.0,-118.417,33.9754
90201,"Bell, Bell Gardens, Cudahy",95134,53692.0,439.0386869871043,0.0,1.0,3.0,-118.1689,33.9767
90201,"Bell, Bell Gardens, Cudahy",95134,53692.0,439.0386869871043,0.0,1.0,1.0,-118.1689,33.9767
90210,Beverly Hills,19180,172285.0,1375.4170118751726,0.0,1.0,7.0,-118.4065,34.0901
90211,Beverly Hills,9208,115025.0,872.48322147651,0.0,3.0,9.0,-118.383,34.0652
90212,Beverly Hills,10881,101963.0,929.1178714048548,0.0,0.0,6.0,-118.3995,34.0619
90220,"Compton, Rancho Dominguez",49101,69901.0,425.7806104399855,0.0,0.0,4.0,-118.2402,33.8748
90221,"Compton, East Rancho Dominguez",52119,64439.0,451.0736837473323,0.0,0.0,3.0,-118.2168,33.8796
90222,"Compton, Rosewood, Willowbrook",33021,68722.0,502.9239766081872,0.0,0.0,1.0,-118.2357,33.9099
90230,Culver City,32005,107870.0,677.8996865203761,1.0,1.0,2.0,-118.3991,33.9949
90232,Culver City,16352,113278.0,992.8571428571428,1.0,2.0,13.0,-118.3973,34.0168
90240,Downey,26026,99874.0,489.778890279516,0.0,0.0,2.0,-118.1174,33.9581
90241,Downey,45341,81220.0,496.1762988908348,0.0,0.0,5.0,-118.1306,33.9416
90242,Downey,41685,81448.0,527.0184361093452,0.0,1.0,4.0,-118.1395,33.9218
90245,El Segundo,17081,142596.0,743.2253800396563,0.0,0.0,11.0,-118.4119,33.9243
90247,Gardena,47682,70012.0,428.07339449541286,0.0,0.0,8.0,-118.2961,33.8925
90248,Gardena,11453,75865.0,475.4086181277861,0.0,0.0,7.0,-118.2835,33.8766
90249,Gardena,25929,83125.0,532.3778386050284,0.0,1.0,14.0,-118.3199,33.8998
90250,Hawthorne (Holly Park),96200,74616.0,619.9186991869918,0.0,0.0,6.0,-118.3493,33.9143
90254,Hermosa Beach,19551,149500.0,1106.390838566679,1.0,1.0,12.0,-118.3955,33.8643
90255,"Huntington Park, Walnut Park",71654,57013.0,402.67391500291615,0.0,0.0,8.0,-118.2161,33.9769
90260,Lawndale,33282,80205.0,531.5237723407292,0.0,0.0,0.0,-118.351,33.8879
90262,Lynwood,66073,67620.0,437.499375,0.0,0.0,8.0,-118.2013,33.9241
90263,Malibu (Pepperdine University),1803,0.0,0.0,0.0,3.0,1.0,-118.2987,33.7866
90265,Malibu,16652,186264.0,1418.2568334192883,0.0,1.0,22.0,-118.7351,34.0402
90266,Manhattan Beach,35123,187217.0,1373.946856772521,2.0,1.0,13.0,-118.3996,33.8896
90270,"Bell, Maywood",24950,57741.0,476.1620977353993,0.0,0.0,2.0,-118.1877,33.989
90272,"Los Angeles (Castellemare, Pacific Highlands, Pacific Palisades, Topanga State Park)",21298,225256.0,1260.9643640350878,0.0,1.0,7.0,-118.5422,34.0787
90274,"Palos Verdes Estates, Rolling Hills, Rolling Hills Estates",24942,206013.0,915.3960490985808,0.0,1.0,2.0,-118.2987,33.7866
90275,"Palos Verdes Estates, Rancho Palos Verdes, Rolling Hills Estates",41941,166602.0,735.9573595735957,2.0,2.0,3.0,-118.367,33.7515
90277,"Redondo Beach, Torrance",36339,120008.0,848.1989708404802,1.0,1.0,12.0,-118.3832,33.8307
90278,"Redondo Beach, Torrance",42536,143785.0,682.5396825396825,0.0,3.0,5.0,-118.3715,33.8707
90280,South Gate,92262,67287.0,456.6420664206642,0.0,2.0,5.0,-118.2013,33.9462
90290,Topanga,5300,138316.0,779.3577981651376,0.0,1.0,6.0,-118.6023,34.1076
90291,Los Angeles (Venice),25656,111610.0,1179.904246386909,0.0,0.0,14.0,-118.4635,33.9938
90292,"Los Angeles (Marina Peninsula), Marina del Rey",24481,136854.0,832.7956989247311,1.0,3.0,6.0,-118.4525,33.9779
90293,Los Angeles (Playa del Rey),13039,124688.0,744.8783812119941,0.0,0.0,4.0,-118.4373,33.9577
90301,Inglewood,37341,61910.0,479.9426934097421,0.0,4.0,8.0,-118.3556,33.955
90302,Inglewood,29307,68662.0,506.3279631760644,0.0,0.0,5.0,-118.3548,33.9745
90303,Inglewood,23370,67598.0,561.1143144148668,0.0,1.0,3.0,-118.3321,33.9377
90304,"Inglewood, Lennox",25725,57647.0,462.962962962963,0.0,0.0,2.0,-118.3586,33.9379
90305,Inglewood,14679,85466.0,503.21082441787286,0.0,3.0,3.0,-118.3258,33.9583
90401,Santa Monica (Downtown),7480,89892.0,1247.288503253796,1.0,7.0,12.0,-118.4907,34.0176
90402,Santa Monica,11816,171844.0,1546.0031609964992,0.0,0.0,2.0,-118.503,34.0349
90403,Santa Monica,24092,123391.0,1045.5015766653528,1.0,2.0,9.0,-118.4924,34.0287
90404,Santa Monica,23975,87209.0,874.068358412251,0.0,0.0,9.0,-118.4733,34.0268
90405,"Santa Monica (Ocean Park, Santa Monica Airport, Sunpark)",26981,101713.0,1069.3916349809886,1.0,3.0,11.0,-118.4717,34.01
90501,Torrance,42536,89926.0,574.6268656716418,0.0,2.0,5.0,-118.3118,33.8268
90502,"Torrance, West Carson",18430,95528.0,509.76051750240856,0.0,0.0,2.0,-118.292,33.8286
90503,Torrance,44280,117364.0,679.5841209829867,1.0,1.0,5.0,-118.3542,33.8397
90504,Torrance,32965,101773.0,635.0053361792956,0.0,1.0,7.0,-118.3295,33.8708
90505,Torrance,36214,108857.0,663.7451892538206,1.0,1.0,6.0,-118.3507,33.8106
90601,"City of Industry, Whittier",30667,96209.0,467.6748639481139,0.0,2.0,4.0,-118.0371,34.0011
90602,Whittier,25949,63956.0,493.61149825783974,0.0,1.0,4.0,-118.0337,33.9693
90603,Whittier,20883,117324.0,543.3846656360785,1.0,0.0,2.0,-117.9927,33.9432
90604,"East La Mirada, South Whittier,",39795,95570.0,530.3394625176803,0.0,0.0,0.0,-118.0121,33.9299
90605,"South Whittier, Whittier",41427,94200.0,543.1567191176347,0.0,0.0,3.0,-118.0356,33.9413
90606,"Los Nietos, West Whittier",31717,86596.0,520.9652848889396,0.0,0.0,1.0,-118.0658,33.9777
90631,La Habra Heights,69064,98009.0,499.5947913252486,1.0,1.0,5.0,-117.9494,33.9331
90638,La Mirada,46170,104114.0,527.3874198055421,0.0,2.0,14.0,-118.0101,33.9067
90640,Montebello,62294,72163.0,455.7069846678024,0.0,2.0,9.0,-118.113,34.0133
90639,La Mirada (Biola University),1833,0.0,0.0,0.0,0.0,5.0,-118.0182,33.9058
90650,Norwalk,101983,91259.0,529.6392758549723,0.0,4.0,3.0,-118.0818,33.9056
90660,Pico Rivera,61561,82539.0,497.0119521912351,0.0,1.0,3.0,-118.0883,33.9886
90670,Santa Fe Springs,17556,83259.0,473.7634924702491,0.0,1.0,4.0,-118.0838,33.9464
90701,Artesia,16237,92702.0,556.2422744128554,0.0,1.0,9.0,-118.0731,33.8654
90703,Cerritos,49334,124240.0,556.4801337620105,1.0,2.0,9.0,-118.0686,33.8669
90704,"Avalon, Santa Catalina Island, Two Harbors (PO Boxes)",3822,89107.0,738.255033557047,0.0,3.0,19.0,-118.3437,33.332
90706,Bellflower,78352,75379.0,464.3048845947397,0.0,1.0,7.0,-118.1265,33.8867
90710,Los Angeles (Harbor City),27517,75114.0,475.54038680318547,0.0,0.0,2.0,-118.2991,33.797
90712,Lakewood,31552,119143.0,593.3544303797469,0.0,1.0,1.0,-118.1457,33.8512
90713,Lakewood,28439,123809.0,607.563025210084,0.0,0.0,1.0,-118.1115,33.8473
90715,Lakewood,20949,89113.0,552.5657894736842,0.0,0.0,4.0,-118.0767,33.8405
90716,Hawaiian Gardens,13941,73784.0,462.26073751898167,0.0,0.0,7.0,-118.073,33.8296
90717,Lomita,21788,88111.0,508.5932527052833,0.0,0.0,10.0,-118.3172,33.7938
90723,Paramount,53286,67130.0,456.6326530612245,0.0,1.0,3.0,-118.1632,33.8969
90731,"Los Angeles (San Pedro, Terminal Island)",63431,69019.0,482.74144936933175,0.0,1.0,11.0,-118.2914,33.7339
90732,"Los Angeles (San Pedro), Rancho Palos Verdes",22078,115120.0,486.4576802507837,0.0,0.0,0.0,-118.3121,33.742
90740,Long Beach (overlaps Orange County),24604,75007.0,390.7155284906481,0.0,1.0,6.0,-118.0808,33.7602
90744,Los Angeles (Wilmington),54277,58869.0,465.95208070617906,0.0,0.0,5.0,-118.2645,33.7855
90745,Carson,58735,103471.0,466.1354581673307,0.0,1.0,2.0,-118.2684,33.823
90746,Carson,27643,109596.0,448.22793606671297,0.0,10.0,6.0,-118.2554,33.8584
90747,Carson (California State Univ Dominguez Hills),25,0.0,0.0,0.0,0.0,2.0,-118.2538,33.8671
90755,Signal Hill,11764,96521.0,460.1104294478528,0.0,0.0,1.0,-118.1677,33.8029
90802,Long Beach,40012,69613.0,561.6372391653291,0.0,8.0,15.0,-118.182,33.7706
90803,"Long Beach (Belmont Shore, Marina, Naples)",31659,107889.0,727.4861912061708,1.0,4.0,17.0,-118.1341,33.7619
90804,Long Beach (East Long Beach),37299,64160.0,551.6180082416172,0.0,2.0,9.0,-118.1357,33.7857
90805,Long Beach (North Long Beach),96515,64848.0,518.2537823292157,0.0,1.0,1.0,-118.1801,33.8635
90806,Long Beach,40688,67632.0,531.1355311355311,0.0,1.0,2.0,-118.1876,33.8045
90807,Long Beach (Bixby Knolls),33153,89319.0,532.0766190331408,1.0,1.0,9.0,-118.1811,33.8315
90808,Long Beach,39698,131535.0,621.9741214874246,0.0,2.0,6.0,-118.1103,33.8241
90810,"Carson, Dominguez, Long Beach",36306,75152.0,489.651691991485,0.0,0.0,0.0,-118.2325,33.8193
90813,Long Beach,53647,48535.0,483.5550181378477,0.0,0.0,0.0,-118.1835,33.782
90814,Long Beach,20723,89776.0,596.7620481927711,0.0,1.0,4.0,-118.148,33.7716
90815,Long Beach,42759,110565.0,607.2601010101009,1.0,2.0,10.0,-118.1192,33.7939
90822,Long Beach,125,0.0,0.0,0.0,0.0,0.0,-118.1638,33.7927
91001,Altadena,36420,129030.0,716.487225486739,0.0,0.0,5.0,-118.1392,34.1912
91006,Arcadia,31986,123358.0,655.0714891932419,0.0,1.0,4.0,-118.0264,34.1324
91007,Arcadia,33367,93128.0,622.2616482150243,0.0,5.0,8.0,-118.0515,34.1243
91008,Bradbury,744,139167.0,640.4777887227722,0.0,0.0,1.0,-117.9644,34.149
91010,"Azusa, Bradbury, Duarte, Irwindale, Monrovia",26825,95172.0,518.8521956066725,0.0,0.0,4.0,-117.9567,34.1407
91011,La Cañada Flintridge,20389,210532.0,868.2874699438953,1.0,2.0,7.0,-118.2051,34.2217
91016,Monrovia,41822,95606.0,589.6678966789668,1.0,1.0,15.0,-118.0014,34.144
91020,Montrose,7509,61771.0,556.4814506044185,1.0,0.0,11.0,-118.2305,34.2114
91024,Sierra Madre,11151,128056.0,691.2657636618403,0.0,0.0,7.0,-118.0519,34.1651
91030,South Pasadena,26583,127882.0,747.012987012987,2.0,1.0,8.0,-118.1547,34.1109
91040,"Los Angeles (Shadow Hills, Sunland)",20911,103823.0,538.6779184247539,0.0,0.0,4.0,-118.3371,34.2618
91042,Los Angeles (Tujunga),27119,81324.0,591.4065627805196,0.0,1.0,4.0,-118.2849,34.2544
91046,Glendale (Verdugo City),141,0.0,0.0,0.0,0.0,0.0,-118.2987,33.7866
91101,Pasadena,19737,86631.0,642.2940150295223,1.0,0.0,12.0,-118.1391,34.1468
91103,Pasadena,27167,78513.0,705.0197405527355,0.0,13.0,5.0,-118.1551,34.1669
91104,Pasadena,35918,93856.0,696.0120391271632,0.0,0.0,2.0,-118.1261,34.1678
91105,Pasadena,12692,163253.0,750.3945481391097,1.0,1.0,6.0,-118.1636,34.1355
91106,Pasadena,23813,91220.0,629.0148120665544,0.0,5.0,5.0,-118.1266,34.1435
91107,Pasadena,32581,120822.0,659.2341250605914,2.0,4.0,3.0,-118.0889,34.151
91108,San Marino,12559,173312.0,928.7821720025111,0.0,0.0,3.0,-118.1117,34.1207
91125,Pasadena (CalTech),996,0.0,0.0,0.0,0.0,0.0,-118.2987,33.7866
91201,Glendale,22163,67102.0,741.867885691612,0.0,0.0,8.0,-118.2899,34.1716
91202,Glendale,22831,90232.0,633.9370829361296,0.0,0.0,2.0,-118.2656,34.1652
91203,Glendale,16679,70650.0,625.7449344457688,0.0,2.0,11.0,-118.2636,34.1517
91204,Glendale (Tropico),18445,69102.0,603.570141641489,0.0,0.0,3.0,-118.2599,34.1379
91205,Glendale (Tropico),35755,58290.0,607.2463768115942,0.0,0.0,5.0,-118.2424,34.1378
91206,Glendale,32294,85651.0,599.9580372773144,0.0,0.0,4.0,-118.2322,34.1556
91207,Glendale,11091,106984.0,703.2532119401335,1.0,0.0,0.0,-118.2451,34.1649
91208,Glendale,15377,112485.0,658.3413056650887,0.0,0.0,4.0,-118.235,34.1921
91210,"Glendale (Glendale Galleria, Americana at Brand)",310,0.0,961.1449596303819,0.0,0.0,8.0,-118.2987,33.7866
91214,"Glendale, La Crescenta, Montrose",32344,126175.0,735.6948228882834,0.0,0.0,9.0,-118.2457,34.2316
91301,"Agoura Hills, Cornell",25244,157582.0,533.7782594180673,1.0,3.0,6.0,-118.7573,34.1227
91302,"Calabasas, Hidden Hills, Monte Nido",26318,172651.0,643.8515081206497,1.0,5.0,6.0,-118.6641,34.1419
91303,Los Angeles (Canoga Park),30611,77437.0,517.7086419477037,0.0,1.0,6.0,-118.5983,34.1993
91304,"Los Angeles (Canoga Park, West Hills), Box Canyon",54369,79673.0,463.03628462125874,0.0,0.0,1.0,-118.6111,34.2197
91306,Los Angeles (Winnetka),49460,82380.0,462.9614197530864,0.0,0.0,11.0,-118.5749,34.2092
91307,"Los Angeles (West Hills), Bell Canyon",25368,130877.0,543.75,1.0,1.0,0.0,-118.6389,34.1963
91311,Los Angeles (Chatsworth),40196,112172.0,427.1011465430928,1.0,2.0,4.0,-118.5914,34.2583
91316,Los Angeles (Encino),28497,85354.0,526.3761467889908,1.0,3.0,4.0,-118.5175,34.1655
91321,Santa Clarita (Newhall),34305,84503.0,406.15396501527295,0.0,2.0,10.0,-118.523,34.3795
91324,Los Angeles (Northridge),29744,100086.0,489.11860718171926,0.0,2.0,15.0,-118.5466,34.2367
91325,Los Angeles (Northridge),35537,83853.0,492.2945205479452,1.0,0.0,3.0,-118.5188,34.2353
91326,"Los Angeles (Northridge, Porter Ranch)",36503,142170.0,489.5097902097902,0.0,1.0,5.0,-118.5576,34.2805
91330,Los Angeles (California State Univ Northridge),2699,0.0,0.0,0.0,3.0,0.0,-118.2987,33.7866
91331,"Los Angeles (Arleta, Hansen Hills, Pacoima)",99804,76942.0,456.46067415730334,0.0,0.0,6.0,-118.4208,34.2556
91335,Los Angeles (Reseda),77158,74632.0,510.98807495741056,0.0,0.0,4.0,-118.5391,34.2007
91340,"San Fernando, Los Angeles (Mission Hills, Pacoima)",34822,71664.0,503.36095486638965,0.0,0.0,11.0,-118.4352,34.2875
91342,"Los Angeles (Lake View Terrace, Sylmar), Kagel Canyon",92580,89264.0,434.02777777777777,0.0,0.0,7.0,-118.4322,34.3054
91343,Los Angeles (North Hills),63193,77790.0,472.290861982103,0.0,0.0,3.0,-118.4758,34.2366
91344,Los Angeles (Granada Hills),53862,111897.0,508.2102497871965,1.0,1.0,8.0,-118.4992,34.2771
91345,Los Angeles (Mission Hills),18481,93622.0,465.65762581398644,0.0,0.0,4.0,-118.4587,34.2619
91350,"Bouquet Canyon, Green Valley, Mint Canyon, Santa Clarita (Canyon County)",42970,137626.0,415.46824313834435,1.0,1.0,3.0,-118.5007,34.4336
91351,Santa Clarita (Canyon Country),32677,104214.0,429.9135405839554,0.0,1.0,3.0,-118.449,34.4262
91352,"Los Angeles (La Tuna Canyon, Sun Valley)",45601,68132.0,526.7267267267267,0.0,0.0,3.0,-118.3699,34.2209
91354,Santa Clarita (Valencia),33039,145442.0,442.5837320574163,0.0,0.0,2.0,-118.5374,34.4466
91355,Santa Clarita (Valencia),30289,109752.0,474.38882421420254,0.0,1.0,11.0,-118.5535,34.3985
91356,Los Angeles (Tarzana),30599,105513.0,507.6297049847406,0.0,1.0,4.0,-118.5414,34.1671
91361,Westlake Village,18753,127304.0,668.1375166060366,0.0,0.0,3.0,-118.8383,34.1472
91362,Westlake Village,36770,135998.0,523.1862378459238,1.0,1.0,9.0,-118.8232,34.1948
91364,Los Angeles (Woodland Hills),28765,128306.0,599.3282149712093,1.0,0.0,4.0,-118.6,34.1557
91367,Los Angeles (Woodland Hills),44862,106355.0,569.8184888138455,0.0,1.0,10.0,-118.6159,34.1767
91381,Stevenson Ranch,20864,148873.0,435.32338308457713,0.0,0.0,1.0,-118.6131,34.3775
91384,"Castaic, Val Verde",27652,127416.0,389.9560438534616,0.0,0.0,2.0,-118.6254,34.4827
91387,"Santa Clarita (Canyon Country), Fair Oaks Ranch, Mint Canyon",46812,111090.0,407.2759538598048,1.0,0.0,0.0,-118.426,34.4132
91390,"Agua Dulce, Green Valley, Santa Clarita (Saugus)",18930,145465.0,396.8253968253968,0.0,0.0,0.0,-118.5261,34.4684
91401,"Los Angeles (Valley Glen, Van Nuys)",39179,72476.0,610.1285347043702,0.0,0.0,5.0,-118.4324,34.1802
91402,Los Angeles (Panorama City),67937,55130.0,428.0510018214936,0.0,1.0,7.0,-118.447,34.2262
91403,"Los Angeles (Sherman Oaks, Van Nuys)",25887,107970.0,650.7246376811594,0.0,2.0,9.0,-118.4603,34.1514
91405,Los Angeles (Valley Glen),55451,58365.0,475.8576874205845,0.0,0.0,4.0,-118.4456,34.2001
91406,"Los Angeles (Lake Balboa, Van Nuys)",53276,71819.0,544.980443285528,0.0,0.0,7.0,-118.4868,34.2006
91411,Los Angeles (Van Nuys),23689,73669.0,665.8743628950051,0.0,0.0,4.0,-118.4574,34.1781
91423,"Los Angeles (Sherman Oaks, Van Nuys)",31787,104205.0,710.2954545249102,2.0,2.0,8.0,-118.4322,34.1526
91436,Los Angeles (Encino),16190,155346.0,810.2533883323512,0.0,0.0,3.0,-118.4882,34.151
91501,Burbank,18951,80198.0,639.8779247202441,0.0,2.0,0.0,-118.3009,34.1862
91502,Burbank,12312,59711.0,574.0157480314961,1.0,2.0,5.0,-118.3059,34.1745
91504,Burbank (Glenoaks),27479,99318.0,698.6788617886178,0.0,1.0,4.0,-118.3264,34.2001
91505,Burbank,32156,104361.0,718.1114369501465,0.0,2.0,12.0,-118.3442,34.169
91506,Burbank,19559,104009.0,756.357670221493,0.0,1.0,6.0,-118.3231,34.1717
91601,"Los Angeles (North Hollywood, Toluca Terrace)",35615,73735.0,601.4336471996323,0.0,7.0,10.0,-118.3713,34.1687
91602,"Los Angeles (North Hollywood, Studio City, Toluca Lake, West Toluca Lake)",19980,93210.0,629.1773778920309,1.0,0.0,3.0,-118.3663,34.151
91604,"Los Angeles (North Hollywood, Studio City)",32073,132494.0,708.105000238854,1.0,1.0,14.0,-118.3913,34.143
91605,Los Angeles (North Hollywood),51654,61031.0,496.313672922252,0.0,1.0,3.0,-118.4001,34.2057
91606,"Los Angeles (North Hollywood, Valley Glen)",43552,64976.0,562.7955718994722,1.0,3.0,2.0,-118.3865,34.1872
91607,"Los Angeles (North Hollywood, Sherman Village, Valley Glen, Valley Village)",30734,82995.0,662.1290712372552,0.0,0.0,1.0,-118.3989,34.1672
91608,Universal City,56,56898.0,0.0,0.0,3.0,6.0,-118.3528,34.1383
91702,"Azusa, Irwindale",62196,82382.0,442.6632329756784,0.0,1.0,8.0,-117.5999,34.1376
91706,"Baldwin Park, Irwindale",72495,76348.0,478.7486902867787,0.0,1.0,5.0,-117.9031,34.1248
91711,Claremont,37542,115079.0,468.3054578380064,1.0,1.0,12.0,-117.6844,34.0125
91722,Covina,34470,95157.0,503.1892274982282,0.0,2.0,3.0,-118.2987,33.7866
91723,Covina,17964,82018.0,428.32211715032327,0.0,1.0,10.0,-117.9065,34.0972
91724,"Charter Oak, Covina",28575,96720.0,452.96659373479997,0.0,1.0,0.0,-117.8843,34.086
91731,El Monte,28201,57047.0,440.121121407309,0.0,0.0,1.0,-117.5941,34.107
91732,El Monte,58888,62047.0,442.73339749759384,0.0,0.0,2.0,-118.0371,34.0791
91733,"El Monte, South El Monte",42953,63883.0,424.62796273731374,0.0,0.0,2.0,-118.0149,34.0705
91740,Glendora,27131,96433.0,496.5238981998759,0.0,1.0,7.0,-117.5803,34.1467
91741,Glendora,26052,117252.0,541.6191562143672,0.0,1.0,3.0,-117.5182,34.1705
91744,"City of Industry, La Puente, Valinda",79380,86290.0,509.70017636684304,0.0,1.0,4.0,-117.8437,34.1537
91745,Hacienda Heights,55489,101427.0,497.57481967703427,0.0,0.0,2.0,-115.9671,34.84
91746,"Avocado Heights, Bassett, West Puente Valley",29429,83634.0,474.3183259353202,0.0,2.0,2.0,-117.9373,34.0289
91748,"City of Industry, Rowland Heights",43851,83610.0,474.5305565039263,0.0,1.0,6.0,-117.9862,34.0443
91750,La Verne,33436,103774.0,476.860330113208,0.0,2.0,2.0,-117.8969,33.9818
91754,Monterey Park,33937,83490.0,554.9382716049382,0.0,1.0,5.0,-117.7708,34.1159
91755,Monterey Park,26418,70459.0,499.2548435171386,0.0,1.0,0.0,-117.5236,33.9938
91759,Mount Baldy (Portion in LA County),299,111071.0,788.0434782608696,0.0,0.0,2.0,-118.2987,33.7866
91765,Diamond Bar,45303,105712.0,478.775220498086,0.0,1.0,4.0,-117.6987,34.0733
91766,Pomona (Phillips Ranch),69517,72692.0,445.72627163083376,0.0,1.0,5.0,-117.6254,34.0763
91767,Pomona,50715,75870.0,431.6159586681975,0.0,0.0,1.0,-117.8098,34.0066
91768,Pomona,35443,71462.0,433.9622641509434,0.0,2.0,2.0,-117.7569,34.0418
91770,Rosemead,59410,70863.0,576.6073492392699,0.0,0.0,2.0,-117.7763,34.0662
91773,San Dimas,34066,101466.0,487.3632883104933,1.0,0.0,7.0,-118.2987,33.7866
91775,San Gabriel,24169,107359.0,634.4673109828329,0.0,0.0,1.0,-118.2987,33.7866
91776,San Gabriel,37340,77147.0,541.669554580699,0.0,1.0,9.0,-117.8169,34.1023
91780,Temple City,35556,94946.0,627.555015242873,0.0,0.0,2.0,-118.0955,34.089
91789,"City of Industry, Diamond Bar, Walnut",41377,123555.0,501.15289779595196,0.0,3.0,7.0,-117.6583,34.1144
91790,West Covina,44855,97868.0,485.2744310575635,0.0,1.0,7.0,-118.2987,33.7866
91791,West Covina,33902,96470.0,470.0,0.0,0.0,1.0,-117.8546,34.0183
91792,West Covina,31208,94439.0,481.51368604862114,0.0,0.0,3.0,-117.9366,34.0673
91801,Alhambra,53320,81580.0,542.5841220408263,0.0,3.0,6.0,-117.8975,34.0229
91803,Alhambra,29006,76694.0,562.0893687151267,0.0,0.0,1.0,-118.1293,34.0914
93243,"Gorman (L.A. County), Lebec (Kern County)",977,0.0,163.08518802762856,0.0,0.0,3.0,-118.9124,35.2571
93510,Acton,7397,123438.0,335.33753977092636,0.0,0.0,6.0,-117.8854,35.1871
93532,"Elizabeth Lake, Lake Hughes, Leona Valley, Sandberg, Three Points",2768,98788.0,249.20682409584904,0.0,0.0,0.0,-117.8741,36.4886
93534,Lancaster,42515,55945.0,262.3688155922039,0.0,0.0,9.0,-118.6076,35.2375
93535,"Hi Vista, Lake Los Angeles, Lancaster, Roosevelt Corner, Wilsona Gardens",80905,61183.0,198.7767584097859,0.0,0.0,3.0,-118.5442,34.6847
93536,"Del Sur, Fairmont, Lancaster, Metler Valley, Neenach, Quartz Hill",72131,97418.0,212.35398230088495,0.0,1.0,6.0,-118.1491,34.6909
93543,"Juniper Hills, Littlerock, Sun Village",12745,69727.0,182.70341047503044,0.0,0.0,2.0,-119.1234,37.989
93544,"Crystalaire, Llano",1427,80560.0,31.071983428275505,0.0,0.0,0.0,-117.2186,36.626
93550,"Lake Los Angeles, Palmdale",81501,61394.0,269.1648458919127,0.0,0.0,5.0,-118.8656,37.6094
93551,"City Ranch, Leona Valley, Palmdale",54478,107133.0,259.53146531924665,1.0,2.0,11.0,-117.9552,36.23
93552,Palmdale,43371,85890.0,269.7495183044316,0.0,0.0,2.0,-118.0917,34.4133
93553,"Juniper Hills, Pearblossom",1136,71587.0,43.47488348006215,0.0,0.0,1.0,-118.231,34.6017
93563,"Pearblossom, Valyermo",222,0.0,295.3582988089073,0.0,0.0,0.0,-118.5022,35.043
93591,"Lake Los Angeles, Palmdale",7340,57826.0,20.688762299326775,0.0,0.0,2.0,-118.2987,33.7866
